# extended ;1
# legs ;['blueleg']
# legs model ;['beam']
# legs young modulus ;[35000.]
# legs poisson ratio ;[0.45]
# legs position on motor ;['counterclockwisedown', 'clockwisedown', 'counterclockwisedown', 'clockwisedown']
# connector ;bluepart
# connector type ;rigid
Effector position;Motor angle
[-1.25021896e-13 -9.06648691e+01  1.35906610e-10];[1.3741682595051454, -1.374168284375867, 1.3741682588178878, -1.3741682843758771]
[ 2.39125979e+01 -9.84954169e+01 -1.11072037e-10];[1.1265506628710156, -1.8434176839407774, 1.1265506585724225, -0.2882980292322572]
[ 15.95617193 -98.49018309 -15.95629641];[0.5653233162876317, -1.6418778110571253, 1.6429984422137864, -0.5629344797887431]
[ 15.95467287 -98.50002404  -7.97507551];[0.8494524037555735, -1.6384294148380847, 1.3998149385141447, -0.5599381527033831]
[ 1.59536156e+01 -9.85093816e+01 -4.47172434e-07];[1.1317779403767718, -1.6353464642777964, 1.1317647035931613, -0.5575573976283918]
[ 15.95467318 -98.50003482   7.97507213];[1.399826877145062, -1.6384269713538078, 0.8494407651149284, -0.5599345506028971]
[ 15.95619934 -98.48973851  15.95619569];[1.6427464960765812, -1.6427388923090187, 0.564013359784287, -0.5640131713752644]
[  7.97554694 -98.49052824  15.95553499];[1.6387918445824747, -1.4001569781634717, 0.5601120378991069, -0.8496857347668965]
[  7.9731155  -98.53373544   7.97311577];[1.3950294284864537, -1.395030877784766, 0.8451554839526061, -0.8451551396201741]
[ 7.97252889e+00 -9.85436507e+01 -1.28244136e-06];[1.1273789684288418, -1.3921757490104867, 1.127382110828358, -0.842731303272205]
[  7.97311652 -98.53373503  -7.9731159 ];[0.8451542065124709, -1.3950288455644013, 1.395032134638541, -0.8451520350723972]
[  7.97554637 -98.49052423 -15.95553448];[0.5601130591764254, -1.400161293678896, 1.638791938483803, -0.84967692894765]
[ 1.50345979e-06 -9.84541965e+01 -2.39461456e+01];[0.27673438869804706, -1.130265001371229, 1.8509215485210437, -1.1303019731759283]
[ 4.41657988e-09 -9.84905811e+01 -1.59553306e+01];[0.5578953002539006, -1.1323492042599237, 1.6360572314427497, -1.1323492501945414]
[ 9.77462792e-10 -9.85336762e+01 -7.97303075e+00];[0.8429658011787454, -1.1276790751899761, 1.3925215178120016, -1.1276790975985371]
[-6.61017732e-10 -9.85860977e+01  1.91897363e-06];[1.123840575728994, -1.1238393205045518, 1.1238399164669028, -1.1238393002431282]
[ 6.34049789e-10 -9.85336682e+01  7.97303215e+00];[1.3925220596556867, -1.127676425553358, 0.8429674879046682, -1.1276764443850562]
[ 5.71904753e-10 -9.84905690e+01  1.59553306e+01];[1.6360547720114975, -1.1323471384019694, 0.5578996929060104, -1.1323471572585864]
[ 5.31728352e-10 -9.84542296e+01  2.39461494e+01];[1.8509038150060195, -1.13030011599976, 0.2767152693568087, -1.130300134914437]
[ -7.97553868 -98.49057677  15.95553867];[1.6387660769052226, -0.8496906788794789, 0.5600860982543164, -1.4001921159918196]
[ -7.97311549 -98.53373552   7.97311577];[1.3950294252057258, -0.8451551577024896, 0.8451554916567003, -1.3950308861642406]
[-7.97252889e+00 -9.85436507e+01 -1.27589132e-06];[1.127378937175111, -0.8427312754321257, 1.1273821289597081, -1.392175763072736]
[ -7.97311653 -98.53373498  -7.9731159 ];[0.8451541950407825, -0.8451520100978875, 1.3950321472761644, -1.3950288618398927]
[ -7.97554636 -98.49052428 -15.95553447];[0.5601130418917412, -0.84967689588672, 1.6387919318149011, -1.4001612948794149]
[-15.95619564 -98.48973891 -15.95619929];[0.5640132831636655, -0.5640133484890898, 1.642739037966174, -1.6427465415890903]
[-15.95467286 -98.50002406  -7.97507552];[0.8494524456521749, -0.5599381279923692, 1.3998148860882986, -1.638429378340394]
[-1.59536156e+01 -9.85093816e+01 -8.11013757e-08];[1.1317776751620807, -0.5575574175340143, 1.1317649710750217, -1.6353464850213106]
[-15.95467318 -98.50003481   7.97507213];[1.3998268872525752, -0.5599345874270165, 0.8494407704406556, -1.638426989023907]
[-15.95619935 -98.48973849  15.95619569];[1.6427464941577186, -0.5640132079505812, 0.5640133584805224, -1.6427389100676795]
[-2.39429739e+01 -9.84812177e+01 -3.72875718e-04];[1.1297311078517973, -0.27702948835938107, 1.1281764508682195, -1.8499653637389208]
[-3.19254235e+01 -1.06418823e+02  4.57581002e-08];[0.875389949484379, 0.12007529951280693, 0.8753902309097978, -1.7682462366103109]
[ -23.9418976  -106.42339782  -15.95990996];[0.3909712544120528, -0.1369522002674235, 1.358513538705798, -1.5742807771095337]
[ -23.93935765 -106.43065563   -7.97840996];[0.6443392281538179, -0.1376090980332386, 1.1345103288817282, -1.579160247696009]
[-2.39377419e+01 -1.06438172e+02 -5.67561440e-07];[0.8944034393070219, -0.13700825716264992, 0.8943975729726121, -1.5796525687337037]
[ -23.93935846 -106.43066903    7.97840599];[1.1345230694102089, -0.1375985664706538, 0.6443410454287984, -1.5791449899273358]
[ -23.94190118 -106.42308866   15.95988418];[1.358408840346009, -0.13787595298662614, 0.3898128315387064, -1.5750595726871075]
[ -15.96069835 -106.41477861   23.94303128];[1.575449915868926, -0.3898954449691693, 0.13806510272525407, -1.3586193719868933]
[ -15.95646376 -106.44243299   15.95646835];[1.3691405666974457, -0.39452146625882756, 0.39450631194170604, -1.369158779489243]
[ -15.95463085 -106.45042417    7.97657745];[1.143996502318087, -0.39502936298616287, 0.6507671378865669, -1.372380660189117]
[-1.59534498e+01 -1.06458381e+02 -7.63332181e-07];[0.9024669162553195, -0.3946235200766663, 0.9024674980449348, -1.3725892758400338]
[ -15.95463218 -106.45043943   -7.97657557];[0.6507754987985558, -0.3950181746288809, 1.1440063609522577, -1.3723655490321804]
[ -15.95646843 -106.44243417  -15.956463  ];[0.39452225300121124, -0.3945036074519243, 1.3691565512163222, -1.369134860095408]
[ -15.96067884 -106.41482695  -23.94303945];[0.1380096705325426, -0.38994342732528675, 1.575386968880831, -1.3586756133456226]
[  -7.97921446 -106.41465128  -23.94163228];[0.13781361983168347, -0.6447018026687708, 1.579737020592761, -1.135023979318735]
[  -7.97701579 -106.44198594  -15.95548908];[0.3951575924565888, -0.6509659783199194, 1.37265547419882, -1.144278269600494]
[  -7.97487889 -106.47235845   -7.97487968];[0.6517927278492678, -0.6518036068740294, 1.1462195472654158, -1.146230606179996]
[-7.97423715e+00 -1.06480730e+02  1.55065635e-06];[0.9041488232006513, -0.6515870774593769, 0.9041503414171498, -1.1462918669832944]
[  -7.97488079 -106.47235984    7.97488011];[1.1462303441967636, -0.6517902444175105, 0.651805659688654, -1.1462144917533894]
[  -7.97701979 -106.4419663    15.95548704];[1.372673624295506, -0.6509474600949282, 0.3951773530834488, -1.144256501665218]
[  -7.97921521 -106.41464393   23.94163101];[1.5797418933057785, -0.6446900783556215, 0.13782348871154715, -1.1350161339241973]
[-4.32191699e-06 -1.06396415e+02  3.19294576e+01];[1.7690869050520492, -0.8759934722264356, -0.11983480437052263, -0.8759815208173062]
[ 3.78005689e-10 -1.06414469e+02  2.39411429e+01];[1.5804922243555437, -0.895065045777069, 0.13729440897044876, -0.8950650556910814]
[ 1.42050195e-09 -1.06441677e+02  1.59551580e+01];[1.3731491408098688, -0.9029293011784651, 0.3948913531162562, -0.9029293309641457]
[ 1.38450155e-09 -1.06472026e+02  7.97470489e+00];[1.1465556659735359, -0.9043864839140991, 0.6517671186445348, -0.904386513279256]
[ 8.07044765e-10 -1.06505621e+02 -1.87701513e-06];[0.9036662523166369, -0.9036639728383997, 0.9036642486708879, -0.9036639890558035]
[ 7.59789846e-10 -1.06472016e+02 -7.97470594e+00];[0.6517809807766619, -0.9043725058082087, 1.1465667053803181, -0.9043725220786817]
[ 2.09082142e-10 -1.06441658e+02 -1.59551563e+01];[0.39491226353804654, -0.902909058707208, 1.3731682161626044, -0.9029090688547773]
[-1.20802721e-09 -1.06414448e+02 -2.39411406e+01];[0.13732086874610472, -0.8950420309709152, 1.5805129867520509, -0.8950420011081006]
[-1.20985485e-09 -1.06396442e+02 -3.19294603e+01];[-0.11987451497559548, -0.8760197148049109, 1.7690527664637719, -0.8760196848005009]
[   7.97920337 -106.41469719  -23.941638  ];[0.13775957540126177, -1.1350798033642175, 1.5796757434634605, -0.6447402538619091]
[   7.97701579 -106.44198599  -15.95548907];[0.3951575976510783, -1.1442782732104053, 1.3726554694119049, -0.6509659295915682]
[   7.97487891 -106.47235872   -7.97488008];[0.6517924174327697, -1.1462305919763949, 1.1462196586486464, -0.6518036040555485]
[ 7.97423715e+00 -1.06480730e+02  1.54830383e-06];[0.9041488376755757, -1.1462918663206487, 0.904150336278672, -0.6515870949189804]
[   7.97488085 -106.47235937    7.97487977];[1.1462299436155479, -1.146215800041322, 0.6518050364544643, -0.6517912265504959]
[   7.97701979 -106.44196629   15.95548704];[1.3726736165721074, -1.1442564565755955, 0.39517734851525627, -0.6509474777103359]
[   7.97921521 -106.41464393   23.94163101];[1.5797418902693865, -1.1350161470514735, 0.13782348994710414, -0.644690094462774]
[  15.96067    -106.41484951   23.94304286];[1.5753629535162836, -1.358700016659862, 0.13798694813309437, -0.38996056626277453]
[  15.95646376 -106.44243299   15.95646835];[1.3691405650993336, -1.3691587949747563, 0.39450631353351795, -0.3945214279002383]
[  15.95463084 -106.45042418    7.97657745];[1.1439964949926205, -1.3723806249447426, 0.6507671231985879, -0.3950293253345497]
[ 1.59534498e+01 -1.06458381e+02 -7.64177537e-07];[0.9024669154348123, -1.3725892899908991, 0.9024674950707391, -0.39462348257140684]
[  15.95463218 -106.45043945   -7.97657557];[0.6507755124970005, -1.3723655605840268, 1.1440063611834594, -0.3950181923754115]
[  15.95646843 -106.44243421  -15.956463  ];[0.3945222657739616, -1.3691348698684696, 1.3691565539670123, -0.39450362490518937]
[  15.96067884 -106.41482699  -23.94303944];[0.13800967376378653, -1.358675611722171, 1.5753869629649322, -0.3899434393276344]
[  23.94189017 -106.42300449  -15.95991483];[0.38974596295244457, -1.5751493556189258, 1.3583276070330863, -0.1379565233095112]
[  23.93935765 -106.43065557   -7.97840997];[0.6443392445590255, -1.5791602255048138, 1.1345102980129833, -0.1376091402421753]
[ 2.39377419e+01 -1.06438172e+02 -5.65985789e-07];[0.894403412641601, -1.579652545181671, 0.894397568828733, -0.13700823750243268]
[  23.93935846 -106.43066904    7.97840599];[1.134523065270649, -1.5791449672753157, 0.6443410388023821, -0.13759855491029255]
[  23.94190118 -106.42308864   15.95988418];[1.3584088410901263, -1.5750596038866749, 0.3898128328957601, -0.13787594119095142]
[ 3.19254159e+01 -1.06418867e+02 -1.83405514e-04];[0.8756037000331784, -1.7682897183402866, 0.8742341518343882, 0.11932485137761346]
[  31.9169617  -114.35791314  -15.96075855];[0.2095379805055902, -1.5048289968587203, 1.0818193246241798, 0.243812069939277]
[  31.91376284 -114.36408227   -7.97974632];[0.43822331519044344, -1.5162448751471127, 0.8775309152941494, 0.24095433803399996]
[ 3.19116248e+01 -1.14370302e+02 -2.25113125e-06];[0.6618664976286119, -1.5194447523868087, 0.6618671794724351, 0.24037866966930468]
[  31.91376156 -114.36409075    7.97973986];[0.8775373092698087, -1.5162267577547248, 0.4382324898967383, 0.2409673130722236]
[  31.91702168 -114.35774258   15.96082967];[1.0819517693650587, -1.5052382536927875, 0.20896558394595102, 0.24350672457674516]
[  23.93831508 -114.36464475   23.93827731];[1.3039604083250171, -1.3038022319989273, -0.009935692055584179, 0.010106157969724694]
[  23.93491106 -114.37165706   15.95727187];[1.1101026138205752, -1.3225506205733313, 0.22582885801638544, 0.0023812287663269593]
[  23.93226505 -114.37821591    7.9778451 ];[0.9028869582645678, -1.331909084617331, 0.45784702731524657, -0.0008535747845893615]
[ 2.39305462e+01 -1.14384748e+02  5.78847291e-07];[0.6843604864450538, -1.3345469075450591, 0.6843583713835668, -0.0016311331980752297]
[  23.93226518 -114.37822604   -7.97784158];[0.45785961725192587, -1.331890365528503, 0.9028949955929892, -0.0008402318656680896]
[  23.93491165 -114.37167575  -15.95726293];[0.2258518592910803, -1.3225162824627164, 1.110118347106857, 0.0024059636563704134]
[  23.93830031 -114.36463926  -23.93829146];[-0.010002339334397176, -1.3038579986436811, 1.3038933412136111, 0.010038976814869705]
[  15.96157628 -114.35119698  -31.91854269];[-0.2433415455496867, -1.082076838052511, 1.5055614090299878, -0.20898746443513755]
[  15.95803253 -114.36505048  -23.9360852 ];[-0.002329145926269767, -1.110341457515036, 1.3227484428894372, -0.2259641745167732]
[  15.95410983 -114.38484407  -15.95411392];[0.23496832020571612, -1.126536146736123, 1.126510860043909, -0.23499220670118873]
[  15.95220896 -114.39164623   -7.97618053];[0.46875105746167306, -1.134658952633906, 0.9174494826052052, -0.23909869582753873]
[ 1.59509806e+01 -1.14398481e+02  5.39749060e-07];[0.6970921271090111, -1.1368839971049614, 0.6970945955743532, -0.24012796463394578]
[  15.95220977 -114.39165714    7.97617823];[0.9174596566954876, -1.1346400661624452, 0.4687663367403671, -0.2390843829097904]
[  15.9541137  -114.38484536   15.95410915];[1.1265317728185555, -1.1265033661300166, 0.23499419444023084, -0.23496715894633116]
[  15.95804014 -114.36502995   23.93608129];[1.322775351529608, -1.1102994759466869, -0.0022926153471519647, -0.22593174827232293]
[  15.96155863 -114.35122263   31.91854566];[1.5055030056474088, -1.0821250338871744, -0.24341115516579168, -0.2090442096465806]
[   7.98046627 -114.35123418   31.9168402 ];[1.5167015468804597, -0.8778976430430988, -0.24085052541281915, -0.4384907191269354]
[   7.97862938 -114.36487798   23.93468057];[1.3323396377988148, -0.903292175075399, 0.0009863353551849835, -0.45814350920646507]
[   7.97662149 -114.38441621   15.95310111];[1.1348671080993844, -0.9176755182672017, 0.23919208836775577, -0.4689172993648665]
[   7.97478473 -114.40491691    7.97478528];[0.9243486792624871, -0.9243632220088919, 0.4737022174079694, -0.47371729928065887]
[ 7.97413195e+00 -1.14412039e+02 -1.21543080e-06];[0.7030134797771016, -0.9262572777060024, 0.7030110092763941, -0.47502473395392747]
[   7.97478613 -114.40491791   -7.97478553];[0.4737187682064818, -0.9243448539528409, 0.9243613609824447, -0.47370172336216354]
[   7.97662478 -114.38440301  -15.95309951];[0.23921993737028108, -0.9176447990145185, 1.1348919045231571, -0.46889092882818895]
[   7.97863351 -114.36485951  -23.93467838];[0.0010234890483239306, -0.9032540909335525, 1.3323702565663706, -0.4581105902518573]
[   7.98046615 -114.3512268   -31.91683897];[-0.24083050435789088, -0.8778772599030784, 1.5167097215189584, -0.4384740768928086]
[ 1.78414616e-06 -1.14351158e+02 -3.19162439e+01];[-0.24022696622613182, -0.6623410570999053, 1.5201244810476182, -0.6623412211357148]
[-1.48385391e-09 -1.14364735e+02 -2.39341960e+01];[0.001844809477043144, -0.6848723403573084, 1.33521037582158, -0.6848722927234367]
[ 6.04482193e-10 -1.14384174e+02 -1.59527563e+01];[0.2403362481573712, -0.6974580602029888, 1.137322300162918, -0.6974580697942192]
[ 5.94154692e-10 -1.14404687e+02 -7.97459639e+00];[0.4751621494084467, -0.7031983859923198, 0.9264582578470699, -0.703198395524154]
[ 4.69657836e-10 -1.14425346e+02  1.47165440e-06];[0.7044693750662905, -0.7044700135941232, 0.7044717471485222, -0.7044700225508123]
[ 4.06856154e-10 -1.14404683e+02  7.97459743e+00];[0.9264718397752151, -0.7031812011673149, 0.47517934403244383, -0.7031812100631272]
[ 3.59881135e-10 -1.14384161e+02  1.59527551e+01];[1.137348397821494, -0.6974295817550347, 0.24036466578265747, -0.6974295906332361]
[-1.35695538e-09 -1.14364717e+02  2.39341944e+01];[1.3352422645950506, -0.6848374635986405, 0.001882118030580679, -0.6848374184144751]
[ 6.59376403e-10 -1.14351149e+02  3.19162434e+01];[1.5201414352898885, -0.6623196524849942, -0.24020129440996252, -0.6623196650126018]
[  -7.98046096 -114.35123956   31.91683949];[1.5166849636204764, -0.43849873446058807, -0.24086248607085148, -0.877904339003164]
[  -7.97862938 -114.36487798   23.93468057];[1.3323396438559723, -0.4581434954746576, 0.0009863328300008661, -0.9032921981246436]
[  -7.97662149 -114.38441624   15.9531011 ];[1.1348671047484347, -0.4689172870015066, 0.2391920910097211, -0.9176755478217016]
[  -7.97478473 -114.40491686    7.97478529];[0.9243486759365026, -0.4737173371428509, 0.47370223094737507, -0.9243632507019596]
[-7.97413195e+00 -1.14412039e+02 -1.21286416e-06];[0.7030134491525133, -0.4750247729343447, 0.7030110211015566, -0.9262572475114124]
[  -7.97478614 -114.40491786   -7.97478554];[0.4737187666496259, -0.4737017627920624, 0.9243613742509802, -0.924344873829169]
[  -7.97662477 -114.38440301  -15.95309951];[0.23921993220642773, -0.4688909137365884, 1.1348919134159503, -0.9176448196342655]
[  -7.97863351 -114.36485953  -23.93467837];[0.0010234797728265604, -0.4581105751672683, 1.3323702609681285, -0.903254111407513]
[  -7.98046614 -114.35122683  -31.91683897];[-0.24083050478993664, -0.43847406589505167, 1.516709719584807, -0.8778772284043774]
[ -15.96154869 -114.35123974  -31.91854752];[-0.2434497858628133, -0.2090745855147298, 1.5054719119385434, -1.0821577794820039]
[ -15.95803254 -114.36505049  -23.9360852 ];[-0.0023291423727720417, -0.22596421060558167, 1.3227484485141912, -1.1103414588839975]
[ -15.95410984 -114.38484403  -15.95411393];[0.23496832834737685, -0.2349922406172621, 1.1265108639037091, -1.1265361436746044]
[ -15.95220894 -114.39164621   -7.97618019];[0.46875126330744843, -0.2390987260521588, 0.9174493798693527, -1.1346589762386436]
[-1.59509806e+01 -1.14398481e+02  5.38933417e-07];[0.6970921284779525, -0.24012798882856395, 0.6970946048097364, -1.136883950711741]
[ -15.9522098  -114.39165716    7.97617862];[0.917459855465357, -0.23908438211439206, 0.468766138977211, -1.1346400090258553]
[ -15.9541137  -114.3848454    15.95410914];[1.1265317943209563, -0.23496717981714194, 0.23499420433398807, -1.1265033698841402]
[ -15.95804014 -114.36502995   23.93608128];[1.3227753746215967, -0.22593177505324225, -0.0022926052780949807, -1.1102994826693815]
[ -15.96155864 -114.35122259   31.91854566];[1.505503020436052, -0.2090442296667728, -0.2434111446496512, -1.0821250364104602]
[ -23.93827728 -114.36464595   23.93831468];[1.3038035443900624, 0.009937329966865721, -0.010104580737743049, -1.3039591837293787]
[ -23.93491107 -114.37165703   15.95727188];[1.110102621935898, 0.002381185594913321, 0.22582887075668626, -1.3225505899963577]
[ -23.93226506 -114.3782159     7.97784511];[0.9028869921278571, -0.0008535800054475795, 0.45784704536666515, -1.331909091181652]
[-2.39305462e+01 -1.14384748e+02  5.79145142e-07];[0.6843605033012997, -0.001631137684852152, 0.68435839036987, -1.3345469098302323]
[ -23.93226519 -114.37822603   -7.97784158];[0.45785963217575676, -0.0008402247624861858, 0.9028949975899311, -1.331890375266707]
[ -23.93491166 -114.37167575  -15.95726293];[0.22585186755143183, 0.0024059621756448712, 1.1101183542542152, -1.3225162978753007]
[ -23.93830032 -114.36463924  -23.93829146];[-0.010002348336468597, 0.010038952381843935, 1.3038933522875422, -1.303857962954209]
[ -31.91701834 -114.35768991  -15.96085975];[0.20887376385570158, 0.24339290647307288, 1.0818686332729952, -1.5053317170081448]
[ -31.91376285 -114.36408222   -7.97974633];[0.43822332337774916, 0.24095434354427003, 0.8775309113270103, -1.5162448853554273]
[-3.19116248e+01 -1.14370302e+02 -2.25159874e-06];[0.6618664990742442, 0.24037868590544592, 0.6618671857258601, -1.519444786218334]
[ -31.91376157 -114.36409072    7.97973986];[0.8775373209670788, 0.24096732511308555, 0.4382324910456279, -1.516226792058295]
[ -31.91702168 -114.35774261   15.96082967];[1.0819517851570613, 0.24350672560954306, 0.20896558777361912, -1.5052382228314538]
[ -31.90170683 -122.30009823   15.95573862];[0.8551868146627117, 0.3714670443234267, 0.0469461302470478, -1.2690846141236931]
[ -31.8985274  -122.3062419     7.97761089];[0.6650632422978909, 0.3659733526597776, 0.25980547895797257, -1.28318729999237]
[-3.18962704e+01 -1.22311707e+02  2.97856201e-06];[0.4660978672589701, 0.364320912204641, 0.4660903319148265, -1.2875896161710034]
[ -31.89852487 -122.30624628   -7.97760362];[0.2598198164026162, 0.3659842676823304, 0.6650607139197289, -1.2831731864617741]
[ -31.90170625 -122.30009994  -15.95573516];[0.04695345991239294, 0.37147056413530594, 0.8551857629812387, -1.269077533913376]
[ -23.92926225 -122.30454079  -23.92924146];[-0.15345147364634346, 0.15359976205160003, 1.0701210898254558, -1.0700273818913453]
[ -23.92612144 -122.31111549  -15.95260034];[0.06778742067022221, 0.14196295931820993, 0.8866989765692979, -1.0926220461578322]
[ -23.92353851 -122.31727675   -7.97594593];[0.2830127124579455, 0.13591835208839453, 0.6936453137450349, -1.1050685195826526]
[-2.39217587e+01 -1.22322941e+02 -1.06673567e-06];[0.491896060592332, 0.13409763251213178, 0.49190145925174394, -1.1089167436930103]
[ -23.92353765 -122.31728184    7.97594236];[0.6936474299512809, 0.13592967286198562, 0.2830267333177704, -1.1050539732675564]
[ -23.92612025 -122.3111244    15.95259318];[0.8867059447856229, 0.1419845727699316, 0.0678110129511483, -1.092594551535348]
[ -23.92925483 -122.30453263   23.92924927];[1.0700792416911216, 0.1535421486944417, -0.1535078181260928, -1.0700549057092354]
[ -15.95650833 -122.29503071   31.90337958];[1.269306396541366, -0.04694820210790096, -0.3713444567843588, -0.8552860714429451]
[ -15.95337291 -122.30606918   23.92733444];[1.0927683463499296, -0.06788831408171098, -0.14193465497534097, -0.8868695716706814]
[ -15.94996139 -122.32005491   15.94996361];[0.9068972095835972, -0.08069518989811192, 0.08067355515576295, -0.9069156147369228]
[ -15.94812117 -122.32631274    7.97455853];[0.7118097630588225, -0.08752304711383652, 0.29750647465759206, -0.9179963409285947]
[-1.59468762e+01 -1.22332168e+02 -1.75905109e-07];[0.5081653506661379, -0.08958162581134588, 0.5081615396450015, -0.9213915957421729]
[ -15.94812117 -122.32631798   -7.97455737];[0.29752025617852773, -0.08751133000613942, 0.7118152901575059, -0.917982026226978]
[ -15.94996295 -122.32005559  -15.94996055];[0.08069734372012792, -0.08067364654642575, 0.9069095141017846, -0.9068894636776913]
[ -15.95337689 -122.30605825  -23.92733209];[-0.1419007858123883, -0.06785919734877369, 1.0927829538258733, -0.8868342012168338]
[ -15.95649618 -122.2950383   -31.90337888];[-0.37140187894257365, -0.04699912234428358, 1.2692760863980916, -0.8553103303198761]
[  -7.97837255 -122.29592033  -31.90198141];[-0.36590873648420486, -0.26000062684731345, 1.2835537162316824, -0.6653314125552322]
[  -7.97675576 -122.30666308  -23.92612205];[-0.1358283234991957, -0.28323420352140916, 1.1054031722045101, -0.6939428528502752]
[  -7.97502342 -122.32039014  -15.94907227];[0.08759205702147903, -0.29763514204854835, 0.9181599835867468, -0.7119819411778614]
[  -7.97350625 -122.33376553   -7.97350625];[0.30524450261800284, -0.3052571155881915, 0.7216644446896241, -0.7216748704851744]
[-7.97285774e+00 -1.22339797e+02  8.90606986e-07];[0.5169162222786271, -0.30759912775708154, 0.5169190528503603, -0.7246811877394815]
[  -7.97350672 -122.33376727    7.97350678];[0.7216720485280819, -0.3052448915150425, 0.305258112070664, -0.7216611589176922]
[  -7.9750249  -122.32038572   15.9490717 ];[0.9181753438325414, -0.2976131435937922, 0.08761584999246182, -0.711957343767016]
[  -7.97675793 -122.30665415   23.9261215 ];[1.1054213743415082, -0.2832052221151382, -0.13579516707603334, -0.6939105088539849]
[  -7.97837091 -122.29591625   31.90198077];[1.2835551543771446, -0.2599887443687684, -0.3658907836855888, -0.6653100722242247]
[-2.36186593e-06 -1.22296154e+02  3.19014966e+01];[1.288142951515671, -0.4664410581351074, -0.36422504838379766, -0.4664474051760787]
[ 2.42605846e-09 -1.22306801e+02  2.39257064e+01];[1.1094402186313284, -0.4922809622074423, -0.1339460611397893, -0.4922810203129598]
[ 2.45263681e-11 -1.22320437e+02  1.59487691e+01];[0.9217358883814928, -0.5084420443078791, 0.08973952689987806, -0.508442044004642]
[ 9.47307389e-12 -1.22333829e+02  7.97333792e+00];[0.7248354981791257, -0.5170595560095941, 0.30770321614036594, -0.517059555640971]
[ 1.01118862e-11 -1.22345725e+02 -1.13500557e-06];[0.5195879256897542, -0.5195867800143658, 0.5195854248765394, -0.5195867796503317]
[ 3.54438478e-12 -1.22333829e+02 -7.97333907e+00];[0.30771677528122543, -0.5170465417781966, 0.7248437390229215, -0.5170465413924819]
[ 1.08566368e-09 -1.22320433e+02 -1.59487690e+01];[0.08976325231054727, -0.5084189252990324, 0.9217521868172229, -0.5084189621575472]
[ 9.72653156e-10 -1.22306793e+02 -2.39257064e+01];[-0.13391323033267502, -0.4922508780282172, 1.1094594940639977, -0.49225091474534166]
[-9.09240939e-10 -1.22296150e+02 -3.19014970e+01];[-0.36420242814286896, -0.4664253159633474, 1.2881515058326776, -0.46642529950162304]
[   7.97836656 -122.2959219   -31.90197999];[-0.36591899047256554, -0.665329742426986, 1.2835406897193016, -0.26001373345208667]
[   7.97675576 -122.3066631   -23.92612205];[-0.13582830994959572, -0.6939428723891045, 1.1054031646877682, -0.2832342240109905]
[   7.97502342 -122.32039012  -15.94907228];[0.08759207418059409, -0.7119819599755074, 0.9181599702741845, -0.29763516227699416]
[   7.97350624 -122.33376557   -7.97350625];[0.30524450637163364, -0.7216749146833059, 0.72166444233986, -0.3052570940647687]
[ 7.97285774e+00 -1.22339797e+02  8.92505904e-07];[0.5169162095982451, -0.7246811779920361, 0.5169190449006741, -0.3075991066842563]
[   7.97350672 -122.33376725    7.97350679];[0.7216720532736399, -0.7216611494294557, 0.3052581139969878, -0.30524487449884147]
[   7.9750249  -122.32038574   15.9490717 ];[0.9181753270550361, -0.71195733197641, 0.08761585471456701, -0.29761312320331185]
[   7.97675793 -122.30665416   23.9261215 ];[1.1054213584117154, -0.6939105076158935, -0.13579516434106242, -0.2832052044327437]
[   7.97837091 -122.29591625   31.90198077];[1.283555139863293, -0.6653100751495957, -0.36589077965490385, -0.2599887367378754]
[  15.95648881 -122.29504604   31.90337885];[1.2692571885158739, -0.8553334470228855, -0.3714364718429415, -0.04702932363629425]
[  15.95337291 -122.30606917   23.92733444];[1.0927683268032173, -0.8868695472174204, -0.14193466015360579, -0.06788834664456486]
[  15.94996141 -122.32005479   15.94996363];[0.9068972119472343, -0.9069156345428947, 0.08067355628928252, -0.08069518623756039]
[  15.94812117 -122.32631275    7.97455852];[0.7118097646485518, -0.9179963566013137, 0.29750647136740954, -0.08752304082580789]
[ 1.59468762e+01 -1.22332168e+02 -1.76446845e-07];[0.5081653678869579, -0.9213916107501601, 0.5081615362088981, -0.08958162307763984]
[  15.94812117 -122.32631797   -7.97455737];[0.2975202592381694, -0.9179820419651699, 0.7118152901729793, -0.0875113263159939]
[  15.94996295 -122.32005557  -15.94996056];[0.08069735730916391, -0.9068894785032766, 0.9069095053534777, -0.08067362379773338]
[  15.95337689 -122.30605822  -23.9273321 ];[-0.14190077968609127, -0.8868341704224714, 1.092782941577834, -0.0678591786344809]
[  15.95649618 -122.29503828  -31.90337888];[-0.37140187526807555, -0.8553102950783198, 1.269276081247896, -0.04699909559840007]
[  23.92924129 -122.3045418   -23.92926194];[-0.153598567108179, -1.0701206522399749, 1.0700278908097196, 0.15345272473193844]
[  23.92612144 -122.31111549  -15.95260034];[0.06778741600436287, -1.0926220579807138, 0.8866989670622395, 0.141962940391557]
[  23.92353851 -122.31727675   -7.97594593];[0.2830127030038897, -1.1050684864620386, 0.6936453060767375, 0.13591834578807052]
[ 2.39217587e+01 -1.22322941e+02 -1.06949272e-06];[0.49189607054097606, -1.108916707286267, 0.49190145381453254, 0.1340976097925921]
[  23.92353764 -122.31728184    7.97594235];[0.6936474352292662, -1.1050539907463275, 0.28302672861207595, 0.13592965560436157]
[  23.92612025 -122.3111244    15.95259318];[0.8867059597285344, -1.0925945777059478, 0.06781101523044222, 0.14198454900852409]
[  23.92925483 -122.30453266   23.92924926];[1.0700792467039544, -1.0700549267979602, -0.15350782293186585, 0.15354213487866508]
[  31.90170923 -122.30007782   15.95575664];[0.8551380643707904, -1.2691279303287204, 0.04686870475124288, 0.37137442528122494]
[  31.89852739 -122.3062419     7.97761089];[0.6650632376586052, -1.2831873186482101, 0.2598054629026767, 0.3659733579360353]
[ 3.18962704e+01 -1.22311707e+02  2.97793275e-06];[0.4660978541825585, -1.2875896410764582, 0.46609032084145113, 0.3643209218629194]
[  31.89852487 -122.30624626   -7.97760362];[0.2598198140282378, -1.2831732099380273, 0.6650607055957796, 0.36598427586591026]
[  31.90170624 -122.30009992  -15.95573516];[0.046953459793652993, -1.2690776113238744, 0.8551857565897805, 0.37147057659365185]
[ 3.98398617e+01 -1.30227443e+02 -4.73537301e-05];[0.2395859870035834, -1.2349218879505204, 0.24154548462202505, 0.7303610848163418]
[  31.88526208 -130.23134667  -23.90950917];[-0.3149658772114315, -1.0218708084858354, 0.8097803933237958, 0.5248720764123795]
[  31.88394562 -130.23194572  -15.94870508];[-0.11315390993374627, -1.0484616581682087, 0.646475542324878, 0.5063259079348147]
[  31.88099634 -130.23834596   -7.97438345];[0.0881262251830557, -1.0642873783715736, 0.46801291528294453, 0.4982355128876087]
[ 3.18786477e+01 -1.30243091e+02 -3.88078164e-06];[0.28174832502699265, -1.0693492917932426, 0.2817609796661982, 0.49566210854828635]
[  31.88099295 -130.23834725    7.97437494];[0.4680012484159374, -1.064278560851672, 0.08814202370804625, 0.4982416904527704]
[  31.8839404  -130.23194597   15.94869382];[0.6464612548351746, -1.048444686398112, -0.11313291651485097, 0.5063378548829996]
[  31.88713852 -130.22367651   23.92151102];[0.8168914904400647, -1.0208265725954058, -0.32299843175384, 0.5209642379831677]
[  23.92152783 -130.22367776   31.88713835];[1.0208315140367512, -0.8169000854384831, -0.520899299215328, 0.3230645108818774]
[  23.91819745 -130.23500864   23.91819976];[0.8543914921164618, -0.854396829365795, -0.2995714302635942, 0.2995526090050516]
[  23.91553617 -130.24241959   15.94630393];[0.6807728170839384, -0.8794042622546541, -0.08833999374692957, 0.2844413079503976]
[  23.91312352 -130.24861422    7.97309563];[0.49947066827795467, -0.893651202970873, 0.11480598273090971, 0.2760530540079563]
[ 2.39113014e+01 -1.30253463e+02  1.56221590e-06];[0.31067036980278445, -0.8981873601058771, 0.31066211299784346, 0.2733946934171471]
[  23.913122   -130.24861587   -7.97309178];[0.1148184282766551, -0.8936429631755884, 0.4994649230092057, 0.2760594366352125]
[  23.9155339  -130.24242124  -15.94629828];[-0.088321988845304, -0.8793883954945639, 0.6807665172586568, 0.28445349622737687]
[  23.91819676 -130.2350034   -23.91819402];[-0.2995472890299083, -0.8543740188991616, 0.8543800894989827, 0.29956928474820466]
[  23.92151738 -130.22367482  -31.88713773];[-0.5209387049315588, -0.8168870734189497, 1.020827639595955, 0.323023603396232]
[  15.94952115 -130.22829076  -31.88579067];[-0.5063152397318165, -0.6465767109356844, 1.0485963557700637, 0.11310739479019898]
[  15.9471136  -130.23878894  -23.91681349];[-0.2844263205932892, -0.6808843144329791, 0.8795192588841965, 0.08827646077773278]
[  15.9444015  -130.24933072  -15.94440228];[-0.07223440896619061, -0.703544458555051, 0.7035380853229588, 0.07222120575066285]
[  15.94268979 -130.25546206   -7.97208009];[0.13223536615637532, -0.7164444262456352, 0.5202462069331395, 0.06324785147792267]
[ 1.59414378e+01 -1.30260411e+02 -1.31033465e-07];[0.3296594069590602, -0.7205370173089451, 0.3296647089683651, 0.060409655660367684]
[  15.94268925 -130.25546368    7.97207914];[0.5202443570439561, -0.7164367199923534, 0.13224547337220544, 0.06325423322130222]
[  15.94440129 -130.24933044   15.94440043];[0.7035368474576861, -0.7035299739670973, -0.07221863767489306, 0.07223310481098985]
[  15.94711416 -130.23878423   23.9168119 ];[0.8795143887806226, -0.6808640052734837, -0.28440477737809616, 0.08829254267143873]
[  15.94951678 -130.22828653   31.88578803];[1.0485809649802895, -0.6465565744906208, -0.5063063208933244, 0.11310785486204249]
[   7.97521877 -130.23064701   31.88487353];[1.0645739406656056, -0.46819935486344055, -0.4982136624735679, -0.08825578305344003]
[   7.97395944 -130.2406902    23.91591694];[0.8939127741750362, -0.4996762257854542, -0.27599891705719537, -0.11495680960697457]
[   7.9725805  -130.25092021   15.94371762];[0.7165748541935543, -0.5203682864663666, -0.06319828185600912, -0.13232559142763156]
[   7.97140972 -130.25959188    7.97140936];[0.5320207533324268, -0.532024515904763, 0.14202543745626678, -0.14203297695520875]
[ 7.97076833e+00 -1.30264629e+02 -6.60113141e-07];[0.34038211668505036, -0.5357338929883766, 0.3403784682767319, -0.14511470835781395]
[   7.97140957 -130.25959357   -7.97140999];[0.14203411191096194, -0.5320173765743678, 0.5320209520674027, -0.14202651488694892]
[   7.97258057 -130.25092035  -15.94371752];[-0.06318395716441505, -0.5203550512149064, 0.716576199166224, -0.13231369220846115]
[   7.9739598  -130.24068725  -23.91591702];[-0.27597917356148244, -0.4996582029751507, 0.8939113284273648, -0.11494086948514391]
[   7.97521546 -130.23064462  -31.88487272];[-0.49820319599891055, -0.4681823815771668, 1.0645651071068793, -0.08825288712616519]
[ 1.41958463e-05 -1.30216503e+02 -3.98476814e+01];[-0.7309517075017657, -0.24067971835233715, 1.2365126422731592, -0.24063444632203546]
[ 2.91907387e-09 -1.30231369e+02 -3.18845502e+01];[-0.4956394472775914, -0.2820054151073508, 1.0697916176338673, -0.28200541890916286]
[ 1.44586132e-09 -1.30241265e+02 -2.39156073e+01];[-0.2733018181460262, -0.31093453107919966, 0.898596310200175, -0.31093451614608925]
[ 1.04760071e-09 -1.30251392e+02 -1.59434832e+01];[-0.06029825168668186, -0.32986348985441466, 0.7208043235786783, -0.32986347471613975]
[ 9.85737591e-10 -1.30260065e+02 -7.97127621e+00];[0.1451905677431916, -0.3404831719094509, 0.5358513779756391, -0.3404831561043542]
[ 1.09053381e-09 -1.30266190e+02  9.07130312e-07];[0.34383226010638085, -0.34383404321892186, 0.34383531302038006, -0.3438340274355358]
[ 2.20833882e-09 -1.30260067e+02  7.97127731e+00];[0.5358522208691515, -0.3404763854945836, 0.1451987286516748, -0.34047640994951495]
[ 2.06904162e-09 -1.30251393e+02  1.59434836e+01];[0.7208065449453822, -0.32985114853095576, -0.060284470196560275, -0.3298511727920014]
[ 1.17457937e-09 -1.30241262e+02  2.39156079e+01];[0.8985959631781015, -0.31091799096161093, -0.2732827362403099, -0.3109180092095274]
[ 1.02132728e-09 -1.30231366e+02  3.18845505e+01];[1.0697833590294963, -0.28198561988972265, -0.495616034271586, -0.28198563770132096]
[ 1.59155198e-09 -1.30216503e+02  3.98476827e+01];[1.2365429411722217, -0.24066771834506046, -0.730974248070739, -0.240667741246903]
[  -7.97520843 -130.23064769   31.88487166];[1.0645775551369587, -0.0882963814279252, -0.4982465623568575, -0.4682018026623853]
[  -7.97395944 -130.24069021   23.91591694];[0.8939127502952836, -0.11495683943274206, -0.2759989113165009, -0.49967623659263977]
[  -7.9725805  -130.25092022   15.94371763];[0.716574854593424, -0.1323256270676519, -0.06319825948683623, -0.5203682942799562]
[  -7.97140973 -130.25959184    7.97140937];[0.5320207527444376, -0.1420329703569471, 0.1420254454910841, -0.532024517291899]
[-7.97076833e+00 -1.30264629e+02 -6.60731399e-07];[0.34038211054847806, -0.14511470259767584, 0.3403784730083987, -0.5357338916863511]
[  -7.97140957 -130.25959357   -7.97140999];[0.14203411462440885, -0.14202651009405143, 0.5320209533133303, -0.5320173753538185]
[  -7.97258056 -130.25092037  -15.94371751];[-0.06318395531653889, -0.1323136910751755, 0.7165762086909435, -0.5203550588258772]
[  -7.9739598  -130.24068725  -23.91591702];[-0.27597917378185294, -0.11494089288863146, 0.8939113346547448, -0.4996581686830254]
[  -7.97521546 -130.23064463  -31.88487272];[-0.4982031938243157, -0.08825290878357676, 1.064565106413782, -0.46818234781949447]
[ -15.9495119  -130.22828794  -31.8857874 ];[-0.5063270012347476, 0.11308733040291498, 1.0485799968191218, -0.6465635867491994]
[ -15.94711361 -130.23878894  -23.91681349];[-0.2844263139433648, 0.08827643506354182, 0.8795192770167503, -0.6808843170735894]
[ -15.9444015  -130.24933074  -15.94440228];[-0.07223439939724523, 0.07222118259871549, 0.7035381000841556, -0.7035444606425203]
[ -15.94268979 -130.25546207   -7.97208009];[0.13223536942877923, 0.06324782700221418, 0.5202462215889672, -0.716444387792933]
[-1.59414378e+01 -1.30260411e+02 -1.28731039e-07];[0.329659414603875, 0.060409633922918156, 0.3296647261308457, -0.720537023891603]
[ -15.94268925 -130.25546369    7.97207914];[0.520244364662714, 0.06325421226613506, 0.132245486665992, -0.7164367268911593]
[ -15.94440128 -130.24933051   15.94440042];[0.7035368498741129, 0.07223308370297313, -0.07221862124182848, -0.7035299784087294]
[ -15.94711416 -130.23878425   23.9168119 ];[0.8795144216436861, 0.08829249705309833, -0.2844047512154311, -0.680864009023205]
[ -15.94951679 -130.22828653   31.88578805];[1.0485809914077668, 0.11310781352633914, -0.5063062919599618, -0.6465565850985753]
[ -23.92151116 -130.22367686   31.88713846];[1.0208269052727612, 0.3229988639804226, -0.5209640210965326, -0.8168920049638937]
[ -23.91819747 -130.23500865   23.91819976];[0.8543915119248525, 0.29955254774723694, -0.2995713969156017, -0.8543968312022311]
[ -23.91553617 -130.24241962   15.94630393];[0.6807728434793897, 0.2844412491886781, -0.08833995526617089, -0.879404259203058]
[ -23.91312354 -130.24861422    7.97309563];[0.49947069698437024, 0.27605299269374933, 0.11480602195163292, -0.8936511985819363]
[-2.39113014e+01 -1.30253463e+02  1.56261551e-06];[0.31067041214967345, 0.2733946257631663, 0.3106621568997766, -0.8981873508189365]
[ -23.91312202 -130.24861587   -7.97309178];[0.11481846617248445, 0.2760593673546763, 0.4994649666251953, -0.8936429531309646]
[ -23.91553392 -130.24242125  -15.94629828];[-0.0883219576709939, 0.2844534276292017, 0.6807665641155752, -0.8793883877539279]
[ -23.91819677 -130.23500345  -23.91819401];[-0.29954724981126807, 0.2995692094483467, 0.8543801353534403, -0.8543740049434967]
[ -23.9215174  -130.22367482  -31.88713773];[-0.5209386648287718, 0.32302352570590975, 1.0208276883413472, -0.8168870517968271]
[ -31.88713851 -130.22367766  -23.92152784];[-0.3230650710249674, 0.5208984523201754, 0.816900326896958, -1.0208309236495914]
[ -31.88394571 -130.2319457   -15.94870494];[-0.11315398570337419, 0.5063256483278297, 0.6464756027105741, -1.0484618405157777]
[ -31.88099637 -130.23834597   -7.97438345];[0.0881262699240824, 0.49823544867172154, 0.4680129531293548, -1.0642873174345082]
[-3.18786478e+01 -1.30243091e+02 -3.87893850e-06];[0.2817483635647919, 0.49566204922358326, 0.28176102133165326, -1.0693492355661363]
[ -31.88099297 -130.23834727    7.97437494];[0.4680012890639019, 0.49824162727160526, 0.08814207097801474, -1.064278552682899]
[ -31.88394041 -130.23194599   15.94869408];[0.6464613430393691, 0.5063378154337783, -0.11313297413116588, -1.0484445986984843]
[ -31.88713852 -130.22367653   23.92151102];[0.8168914959905089, 0.520964217550478, -0.3229984113270904, -1.0208265518875983]
[-3.98148844e+01 -1.30243766e+02  4.18385800e-02];[0.24656294540934304, 0.7270097289343168, 0.2324144435476642, -1.2321592238935026]
[ -31.86156386 -138.15088849   15.93936299];[0.44778167402963576, 0.6530820947250985, -0.2749960331718303, -0.8397330859275457]
[ -31.85929556 -138.158285      7.97005896];[0.2796421062776188, 0.6419584054870793, -0.08199293046234474, -0.8561996298320651]
[-3.18569067e+01 -1.38162400e+02  4.72154188e-06];[0.10286025910495342, 0.6384850024913479, 0.10284161991405781, -0.8616699787991308]
[ -31.8592917  -138.15828452   -7.97004907];[-0.08197462993188956, 0.641959506123559, 0.2796212143537166, -0.8561939832077754]
[ -31.86173023 -138.15092754  -15.93942994];[-0.27594344651439956, 0.6526832352447748, 0.4487258755734583, -0.8392417853952113]
[ -23.90437742 -138.15463956  -23.90437212];[-0.45231475528388, 0.4523530744751759, 0.6507966941824914, -0.6508422662942105]
[ -23.90245936 -138.16449703  -15.93824456];[-0.24675024742524218, 0.43359957486175815, 0.4859011970685177, -0.6777413710761504]
[ -23.9003598  -138.17128558   -7.96935295];[-0.05153120217594111, 0.42300415997121965, 0.3141254236294896, -0.6932050343383424]
[-2.38985206e+01 -1.38175402e+02 -1.95950253e-06];[0.13508780501611595, 0.41958269585445357, 0.13509960186391423, -0.6981877357458345]
[ -23.90035806 -138.17128555    7.96934867];[0.314112116366673, 0.4230054435292323, -0.05151939189390167, -0.6932008713859785]
[ -23.90245702 -138.16449517   15.93823952];[0.48588361371379146, 0.4336016204289539, -0.24673735343758035, -0.6777332409559655]
[ -23.90437322 -138.15463845   23.90437154];[0.6508070346555817, 0.4523361587558202, -0.4523275441811621, -0.6508140898131243]
[ -15.9403772  -138.14861948   31.86386219];[0.839311731019897, 0.2759588813245869, -0.6526833974775579, -0.44882589789593386]
[ -15.93913415 -138.16214363   23.90386612];[0.6778315221740697, 0.2467220965177191, -0.43359766290249463, -0.4859671390676808]
[ -15.93734667 -138.17205274   15.93734692];[0.510721657040689, 0.22754269683027023, -0.22754772125507366, -0.5107186913229568]
[ -15.93583554 -138.17855374    7.96882817];[0.33710148210379, 0.21665817487193628, -0.03139510343277331, -0.5249183320545399]
[-1.59345871e+01 -1.38182689e+02  3.31992965e-07];[0.1565062926225552, 0.21315073981862956, 0.1564987571092847, -0.5294880311703788]
[ -15.93583483 -138.17855378   -7.96882719];[-0.03138739948019529, 0.216659542792639, 0.33709286112026077, -0.5249152972986246]
[ -15.93734564 -138.17205178  -15.93734532];[-0.22753905463504548, 0.22754494995386282, 0.5107095492194567, -0.5107127763873553]
[ -15.93913301 -138.16214028  -23.90386422];[-0.4335884472340519, 0.2467241532210629, 0.6778128661854663, -0.485958330984318]
[ -15.94036958 -138.14861612  -31.86386173];[-0.6526950649298922, 0.27593831274515856, 0.8393318818859203, -0.44879743220005736]
[  -7.97100538 -138.15332254  -31.86373602];[-0.6419908184859007, 0.08192786420317351, 0.8564153509538277, -0.2797555939441788]
[  -7.97030111 -138.16602358  -23.90344467];[-0.4229895798315121, 0.05144554513186286, 0.6934032347945115, -0.3142532056506269]
[  -7.96937201 -138.17546371  -15.93695478];[-0.2166295551978689, 0.03134129970953092, 0.5250179980709103, -0.33717945834918267]
[  -7.96860566 -138.18170235   -7.96860518];[-0.019899261010329475, 0.019895868217658805, 0.35030305014654517, -0.35030130642837387]
[-7.96797402e+00 -1.38185855e+02  5.22449202e-07];[0.16876438061508076, 0.016213148988084194, 0.16876953047006923, -0.35452042005238454]
[  -7.96860519 -138.1817037     7.96860568];[0.35029695363479973, 0.01989737875551162, -0.019893929031124184, -0.3502989912570327]
[  -7.96937142 -138.17546433   15.93695453];[0.5250087973337071, 0.03134390438348553, -0.21662333905548717, -0.3371750858466078]
[  -7.97030056 -138.16602162   23.90344419];[0.6933883610940693, 0.05144848912995521, -0.4229829383389414, -0.31424701898446905]
[  -7.97100087 -138.15331943   31.86373424];[0.8564003653938007, 0.08192088559303921, -0.6419880146083217, -0.2797417947072057]
[-3.79360347e-06 -1.38154782e+02  3.18636638e+01];[0.8620022792323219, -0.10298121756685025, -0.6385325248945793, -0.10299804418025083]
[ 4.75644379e-10 -1.38167227e+02  2.39032874e+01];[0.69849548357441, -0.13525997010687127, -0.4195559162191823, -0.13525998905365455]
[ 4.68459945e-10 -1.38176518e+02  1.59368143e+01];[0.5296860699521444, -0.15663355924791797, -0.2130883660787383, -0.15663357746309592]
[ 6.42847119e-10 -1.38182722e+02  7.96851777e+00];[0.3546057598202002, -0.16883488543455033, -0.01616449518666257, -0.16883490447937366]
[ 5.16683860e-10 -1.38185398e+02 -7.79947435e-07];[0.172792134602015, -0.17279009078461996, 0.17278775665234772, -0.17279010962706198]
[ 4.00412319e-10 -1.38182724e+02 -7.96851872e+00];[-0.016159951521726917, -0.16883306798367323, 0.35460044707650523, -0.16883308659521357]
[-5.57983165e-10 -1.38176519e+02 -1.59368146e+01];[-0.2130829752854397, -0.15663030133162226, 0.529677776276268, -0.15663031401878022]
[ 1.80292962e-10 -1.38167225e+02 -2.39032873e+01];[-0.41955013964255305, -0.13525573663480167, 0.698481772114621, -0.13525575485047148]
[-3.38872577e-10 -1.38154781e+02 -3.18636629e+01];[-0.6385296021689507, -0.10298697574567484, 0.8619907254110296, -0.10298695821835334]
[   7.9709973  -138.15332002  -31.86373458];[-0.6419920223100843, -0.2797364288950823, 0.8564101801472948, 0.08191088178964533]
[   7.97030111 -138.16602359  -23.90344467];[-0.4229895712783381, -0.3142532238184556, 0.6934032355396345, 0.051445521222570914]
[   7.96937201 -138.17546371  -15.93695478];[-0.2166295518781487, -0.33717947455756364, 0.5250180049692363, 0.031341283299464895]
[   7.96860565 -138.18170235   -7.96860518];[-0.019899259468353213, -0.3503013297675908, 0.35030304376452187, 0.019895846561881286]
[ 7.96797402e+00 -1.38185855e+02  5.21800211e-07];[0.16876438262180385, -0.354520437607515, 0.16876953014122503, 0.01621312182516632]
[   7.96860519 -138.18170369    7.96860569];[0.3502969491043826, -0.35029896616830514, -0.01989392573606735, 0.019897350305962652]
[   7.96937142 -138.17546432   15.93695453];[0.525008799303765, -0.33717506103516, -0.2166233360961536, 0.031343875563333096]
[   7.97030056 -138.16602161   23.90344419];[0.693388366263755, -0.3142470294121332, -0.42298293624369193, 0.05144846050108498]
[   7.97100087 -138.15331943   31.86373425];[0.8564003665441469, -0.27974180533663906, -0.6419880143767809, 0.08192085756966913]
[  15.94036589 -138.14861597   31.86386214];[0.8393416903845894, -0.4487910151509298, -0.6527008378367509, 0.2759283137681363]
[  15.93913414 -138.16214363   23.90386612];[0.677831518022903, -0.48596715986046213, -0.43359766878878986, 0.24672203513062685]
[  15.93734667 -138.17205275   15.93734691];[0.5107216593523785, -0.5107186796633704, -0.22754772544061605, 0.2275426258049223]
[  15.93583554 -138.17855374    7.96882817];[0.337101484638116, -0.5249183197397855, -0.03139510751068244, 0.21665810291624765]
[ 1.59345871e+01 -1.38182689e+02  3.31511856e-07];[0.1565062934009141, -0.5294880290335686, 0.15649875729686985, 0.2131506646124652]
[  15.93583484 -138.17855378   -7.96882719];[-0.03138739197595052, -0.5249152892524467, 0.3370928603850463, 0.2166594732173731]
[  15.93734564 -138.17205178  -15.93734532];[-0.22753905030262678, -0.5107127686413627, 0.5107095450444467, 0.22754488121494096]
[  15.93913301 -138.16214029  -23.90386422];[-0.43358844474334696, -0.48595832638307046, 0.6778128685961435, 0.24672411028292424]
[  15.94036958 -138.14861614  -31.86386172];[-0.6526950648915234, -0.4487974191723553, 0.8393318885359438, 0.2759382738573982]
[  23.90437207 -138.15463972  -23.90437728];[-0.45235275818350945, -0.6507973388034117, 0.6508417497856932, 0.4523151568410524]
[  23.90245935 -138.16449701  -15.93824456];[-0.2467502773431417, -0.6777413992263294, 0.48590119047175484, 0.43359955555498153]
[  23.90035979 -138.17128556   -7.96935294];[-0.05153123622572503, -0.6932050152966275, 0.3141254058932889, 0.4230041457593423]
[ 2.38985206e+01 -1.38175402e+02 -1.95713263e-06];[0.13508777047423093, -0.6981877166349192, 0.1350995769802981, 0.4195826822536725]
[  23.90035805 -138.17128554    7.96934867];[0.3141120894091633, -0.6932009192053082, -0.051519418151955786, 0.4230054232848711]
[  23.902457   -138.16449516   15.93823952];[0.48588358927158276, -0.6777332912980452, -0.2467373846422978, 0.4336016035131055]
[  23.90437321 -138.15463844   23.90437153];[0.6508070307466817, -0.6508141109815503, -0.45232756876200364, 0.452336122891963]
[  31.86173369 -138.15092798   15.93944332];[0.44876346076185014, -0.8392096329719188, -0.27597559692895923, 0.6526646025060464]
[  31.85929556 -138.15828498    7.97005898];[0.279642107269112, -0.8561997134745859, -0.08199297510690301, 0.641958421383942]
[ 3.18569067e+01 -1.38162400e+02  4.72047374e-06];[0.102860238256337, -0.8616700050673104, 0.1028415867151643, 0.638485020663538]
[  31.85929168 -138.15828451   -7.97004907];[-0.08197465477837002, -0.8561940156756397, 0.279621185447258, 0.6419595193421319]
[  31.86173021 -138.15092753  -15.93942994];[-0.27594347522717544, -0.8392418162649622, 0.4487258512194317, 0.6526832484198081]
[  31.82988305 -146.04939753  -15.92643985];[-0.44803467645668404, -0.6376625549218339, 0.2548355239858773, 0.81741122025945]
[  31.82870633 -146.05942954   -7.96407477];[-0.2568790467498619, -0.6556620147036689, 0.09303277431563908, 0.8034527541827456]
[ 3.18264372e+01 -1.46063254e+02 -5.32141270e-06];[-0.0771822961723361, -0.6614813756904612, -0.07715543715089035, 0.7989076206691602]
[  31.82870239 -146.0594281     7.96406346];[0.09300234017174089, -0.6556565551233379, -0.2568543222068821, 0.803449864094794]
[  31.82988551 -146.04940006   15.92643666];[0.25482221799076865, -0.637664834092009, -0.44802760202077513, 0.8174051156191423]
[  23.88544182 -146.05781386   23.88543504];[0.4537135121659454, -0.4537805868299346, -0.6178630714775502, 0.6178633638198436]
[  23.88488872 -146.07308785   15.92743616];[0.29616976792033994, -0.48284126458472837, -0.4126923810887499, 0.5946169954319812]
[  23.8834364  -146.08167032    7.96437843];[0.13180916830173695, -0.49946692065176207, -0.22119251535038867, 0.581495615519607]
[ 2.38816520e+01 -1.46085300e+02  2.11701106e-06];[-0.040285474373893515, -0.5048448245414727, -0.040302084908493144, 0.5772318826792812]
[  23.88343477 -146.08166955   -7.96437391];[-0.2211784174772041, -0.49946396643543284, 0.1317892446382694, 0.5814930753532137]
[  23.88488723 -146.07308513  -15.92743141];[-0.41268030882674955, -0.4828351488347222, 0.29614482787690777, 0.59461132708476]
[  23.8854374  -146.05781237  -23.88543546];[-0.617859995712095, -0.4537437137669239, 0.4537320412523156, 0.6178597273021456]
[  15.92763465 -146.04859693  -31.83261605];[-0.8174813037072846, -0.2549059703265828, 0.6376995654990091, 0.44807127672924507]
[  15.92850126 -146.07201906  -23.8865799 ];[-0.5946398102987048, -0.29620022820492936, 0.48290535822974534, 0.41269999733440876]
[  15.9280639  -146.08527167  -15.92806419];[-0.38983308383701676, -0.32327394973471396, 0.3232812536737328, 0.3898326966406321]
[  15.92691265 -146.09311485   -7.96457231];[-0.1979512401142998, -0.33873487017894827, 0.15724456889568672, 0.37687110300421334]
[ 1.59257017e+01 -1.46096654e+02 -3.55763005e-07];[-0.016169722078871986, -0.3437362922126811, -0.01615903214730057, 0.37266589207917844]
[  15.92691202 -146.09311427    7.96457132];[0.15723075391267133, -0.3387336323308763, -0.1979431292068031, 0.376868976477132]
[  15.92806309 -146.0852697    15.92806268];[0.32326305236735425, -0.32327124169940846, -0.3898272503746013, 0.38982812404901895]
[  15.92850019 -146.07201489   23.88657756];[0.4828818483872943, -0.2961953186837587, -0.594637175678902, 0.4126919408297287]
[  15.92762696 -146.04859711   31.83261919];[0.6377240258065906, -0.2548626795312343, -0.8174753833495951, 0.4480588163419642]
[   7.9652044  -146.05755837   31.83407977];[0.6558114207720273, -0.09306782470822689, -0.8035708028941771, 0.25689172325647885]
[   7.96546312 -146.07919603   23.8869872 ];[0.49960320119640367, -0.13186587115331422, -0.5815375176367406, 0.22117234706026864]
[   7.965167   -146.0915632    15.92813923];[0.33880192139202264, -0.15728289743178406, -0.3768697607957829, 0.19793232889049364]
[   7.96494051 -146.09797062    7.96494003];[0.1718214555727639, -0.17181636994383317, -0.1847086532905932, 0.18470706950521817]
[ 7.96433172e+00 -1.46101452e+02 -5.25284188e-07];[-0.0023646339593516993, -0.1765096394062327, -0.002372155784522511, 0.18042500738986672]
[   7.96494007 -146.09797073   -7.96494055];[-0.18470376329930227, -0.1718163047440475, 0.17181086896191494, 0.184705510640486]
[   7.96516636 -146.09156232  -15.92813872];[-0.3768672399381719, -0.15728264616851936, 0.3387872726084555, 0.1979290496136787]
[   7.96546244 -146.07919247  -23.88698567];[-0.5815381888790018, -0.13186510375968766, 0.4995839887874899, 0.22116689151233587]
[   7.96519931 -146.05755329  -31.83407654];[-0.8035722742996558, -0.09305303693190263, 0.655796153413847, 0.2568756458995627]
[ 4.32196984e-06 -1.46060310e+02 -3.18344947e+01];[-0.799079786553949, 0.07713422194519277, 0.6617118461385137, 0.07715887533277158]
[ 1.33338917e-10 -1.46081406e+02 -2.38870856e+01];[-0.5772940370230941, 0.04022821186575751, 0.5050552013460278, 0.04022823545671744]
[-8.88430229e-12 -1.46093501e+02 -1.59281433e+01];[-0.37266143751172764, 0.01610151071931017, 0.34386646174002067, 0.016101533220176253]
[-4.91673457e-12 -1.46099795e+02 -7.96491823e+00];[-0.180405609060476, 0.0023333366156358913, 0.17656404692180128, 0.002333359166268756]
[-1.53022711e-09 -1.46101196e+02  7.73774036e-07];[0.002159319647620679, -0.0021626150864940442, 0.0021658227307767217, -0.002162586110473652]
[-9.57876616e-10 -1.46099795e+02  7.96491913e+00];[0.17655450323151783, 0.002332472736860977, -0.1804017655782076, 0.002332501258614811]
[-9.35493496e-10 -1.46093500e+02  1.59281432e+01];[0.34385298279582077, 0.016099790421446866, -0.37265998221736796, 0.01609981889186511]
[ 1.00943098e-10 -1.46081403e+02  2.38870843e+01];[0.5050373910297646, 0.04022561902403407, -0.5772957485380834, 0.04022564127281389]
[ 1.71278968e-10 -1.46060306e+02  3.18344917e+01];[0.661700074045201, 0.07714444829513462, -0.7990830051783402, 0.07714447020957288]
[  -7.96519557 -146.05755607   31.83407939];[0.6558063955690601, 0.25686871046471244, -0.8035683146897723, -0.09303948801009158]
[  -7.96546312 -146.07919603   23.88698719];[0.49960321863505397, 0.22117230297811613, -0.5815375341755339, -0.13186585143484245]
[  -7.965167   -146.0915632    15.92813922];[0.3388019377236322, 0.19793228410560443, -0.37686977792864407, -0.1572828800249383]
[  -7.96494051 -146.09797062    7.96494002];[0.17182147644373502, 0.1847070392855286, -0.18470865955929722, -0.17181635349485713]
[-7.96433171e+00 -1.46101452e+02 -5.27444787e-07];[-0.002364610524021926, 0.1804249739531669, -0.002372158333839379, -0.17650963070757064]
[  -7.96494007 -146.09797072   -7.96494055];[-0.18470374428599695, 0.18470547567513002, 0.17181087359990047, -0.17181631820722015]
[  -7.96516636 -146.09156233  -15.92813871];[-0.3768672349104673, 0.19792901769790117, 0.3387872765948954, -0.15728266188289966]
[  -7.96546245 -146.07919247  -23.88698568];[-0.5815381850906515, 0.2211668629636328, 0.4995839893644298, -0.13186511070373189]
[  -7.96519931 -146.05755329  -31.83407654];[-0.8035722708887406, 0.25687561768645284, 0.6557961532251659, -0.09305304354793317]
[ -15.92762356 -146.04859883  -31.8326221 ];[-0.8174711869087303, 0.44805470753087184, 0.637734285515371, -0.25484902245850055]
[ -15.92850126 -146.07201905  -23.88657991];[-0.5946398063719996, 0.41269995204984133, 0.4829053522171144, -0.2962002373230288]
[ -15.92806389 -146.08527168  -15.92806419];[-0.3898330708255023, 0.3898326378981378, 0.32328125057540796, -0.32327397086751136]
[ -15.92691266 -146.09311484   -7.96457232];[-0.19795123692721237, 0.37687105713318503, 0.15724456402232603, -0.338734881928363]
[-1.59257017e+01 -1.46096654e+02 -3.60759849e-07];[-0.016169715186089874, 0.3726658724537346, -0.016159042128706377, -0.34373630091282203]
[ -15.92691201 -146.09311427    7.96457131];[0.15723076087813675, 0.3768689575656805, -0.1979431390797907, -0.3387336405469864]
[ -15.92806308 -146.0852697    15.92806267];[0.323263059553597, 0.38982810635723847, -0.38982725919464273, -0.32327124989139766]
[ -15.9285002  -146.07201488   23.88657757];[0.4828818629637005, 0.41269191318657383, -0.5946371829793283, -0.2961953190826052]
[ -15.92762697 -146.04859711   31.83261919];[0.6377240345043613, 0.4480587994727962, -0.8174753891987809, -0.25486268567261994]
[ -23.88543503 -146.05781393   23.88544163];[0.45377996777225943, 0.6178632198863567, -0.6178633197213996, -0.45371428296284844]
[ -23.88488872 -146.07308784   15.92743616];[0.2961697631851556, 0.5946169914660469, -0.41269238426781296, -0.4828412609715689]
[ -23.8834364  -146.08167032    7.96437843];[0.13180916459441488, 0.5814956119495003, -0.22119251630634243, -0.4994669175047145]
[-2.3881652e+01 -1.4608530e+02  2.1190848e-06];[-0.04028548765732231, 0.577231877974663, -0.04030207587851649, -0.504844833781531]
[ -23.88343477 -146.08166955   -7.96437391];[-0.22117841404788566, 0.581493060825504, 0.1317892504626488, -0.4994639669621128]
[ -23.88488723 -146.07308514  -15.92743141];[-0.4126803032078851, 0.594611311160836, 0.29614483777379624, -0.48283514886740353]
[ -23.88543739 -146.05781238  -23.88543545];[-0.6178599946681625, 0.6178597193813361, 0.4537320415288532, -0.4537437203948428]
[ -31.82988372 -146.04939716  -15.92645031];[-0.4480451357796619, 0.8174152025376993, 0.2548826560580882, -0.6376273986545653]
[ -31.82870636 -146.05942954   -7.96407462];[-0.25687900829090493, 0.8034527517915627, 0.09303275106393656, -0.6556619918576722]
[-3.18264372e+01 -1.46063254e+02 -5.32891006e-06];[-0.07718226755101017, 0.7989076223217997, -0.07715545057836373, -0.6614813472327412]
[ -31.82870239 -146.05942811    7.96406362];[0.0930023918107536, 0.8034498611701417, -0.2568543445287871, -0.6556565041252621]
[ -31.82988551 -146.04940007   15.92643666];[0.2548222404866537, 0.817405100095105, -0.4480275881698453, -0.6376648196940486]
[-3.17730460e+01 -1.53926073e+02  7.36913494e-06];[-0.26770271328990547, 0.9878592353853572, -0.26896331920163324, -0.4662899928201796]
[ -23.85719631 -153.95662692  -15.91094586];[-0.5941409884782326, 0.7762054483117649, 0.10421109289009058, -0.2902608274898007]
[ -23.85746877 -153.97025565   -7.95706344];[-0.4013928215164246, 0.7594071185994269, -0.0541651840220058, -0.3081731884725902]
[-2.38559745e+01 -1.53974156e+02 -1.73672664e-06];[-0.22229880758256962, 0.7539571583127038, -0.22227546822327493, -0.314060734690231]
[ -23.85746786 -153.97025498    7.95705973];[-0.05419163413313331, 0.7594020344752213, -0.4013726739709723, -0.30816922085894566]
[ -23.85726041 -153.95662984   15.91093673];[0.10495398022617503, 0.7762520320031192, -0.5945011316344938, -0.28988223602459023]
[ -15.91232632 -153.95728178   23.85947237];[0.2898767401991115, 0.5945695480870982, -0.7763469214366471, -0.10500308751603735]
[ -15.91445387 -153.98170411   15.91445429];[0.13586238496130518, 0.5658867833734874, -0.5658862107565336, -0.13585440594872258]
[ -15.9141057  -153.99329823    7.9585453 ];[-0.024828987588012743, 0.5500018048960539, -0.37334876419762886, -0.1530836235401484]
[-1.59130376e+01 -1.53996825e+02  9.07315591e-09];[-0.19393112420502606, 0.5448664554075123, -0.19394609754348585, -0.15863819789730033]
[ -15.91410537 -153.99329741   -7.95854489];[-0.37333732059423264, 0.5499976827105791, -0.024847070536695517, -0.15308205234883526]
[ -15.91445418 -153.98170233  -15.91445359];[-0.5658785863931634, 0.5658782699178831, 0.1358414910527078, -0.135850794499478]
[ -15.91232425 -153.95728405  -23.85947619];[-0.7763387829060883, 0.5945642888465715, 0.28989593953826875, -0.10496589594238998]
[  -7.95839683 -153.97115247  -23.86188643];[-0.7595538984848409, 0.40146545275762835, 0.30823397011905757, 0.05418114563522534]
[  -7.9592009  -153.99340094  -15.91546333];[-0.5500386604931947, 0.37336749339980174, 0.15311402314883507, 0.024830462177167945]
[  -7.95984226 -154.00407122   -7.95984165];[-0.35775593500444136, 0.3577539930070837, -0.008405792575206383, 0.008412582521320586]
[-7.95929836e+00 -1.54007391e+02  7.92671226e-07];[-0.17810687829340524, 0.35269881134377734, -0.17809611608017994, 0.0031176622960839145]
[  -7.95984207 -154.00407036    7.95984267];[-0.008419591771011637, 0.357751006774703, -0.3577487728225692, 0.008412317341287001]
[  -7.95920066 -153.9933986    15.91546307];[0.15309773288657774, 0.3733614989655064, -0.5500353497574679, 0.02483033794201346]
[  -7.95839528 -153.9711496    23.86188532];[0.30822264044604675, 0.40145087867837, -0.7595520987632233, 0.054193668054808096]
[-9.86187845e-06 -1.53929486e+02  3.17836808e+01];[0.46653380318471627, 0.26865431432453213, -0.9883305642734536, 0.2685656458962037]
[-1.25833967e-09 -1.53975307e+02  2.38625580e+01];[0.3141659695817281, 0.22234713529523153, -0.7541665885290249, 0.22234708354140537]
[ 5.24607906e-11 -1.53996920e+02  1.59157438e+01];[0.15869669166026742, 0.1939498088812384, -0.5449374389648401, 0.19394975835166542]
[ 7.44920496e-11 -1.54007276e+02  7.95993589e+00];[-0.003095708028384059, 0.17810059748019208, -0.3527138118616985, 0.17810054676731749]
[ 1.84500983e-10 -1.54010201e+02 -1.00095517e-06];[-0.1729667294341378, 0.17297154387661157, -0.17297621516923908, 0.17297149260529326]
[ 1.47105475e-10 -1.54007275e+02 -7.95993722e+00];[-0.35270797739173176, 0.1780988767636365, -0.00310819346717771, 0.1780988256983588]
[-1.31547016e-10 -1.53996917e+02 -1.59157437e+01];[-0.5449354677682916, 0.19394653172092569, 0.15868179355886716, 0.19394651570786073]
[-2.19819779e-10 -1.53975301e+02 -2.38625554e+01];[-0.7541692446197377, 0.2223424306678755, 0.3141507545221444, 0.22234241508461994]
[-5.79226829e-08 -1.53929497e+02 -3.17836881e+01];[-0.9883237837773869, 0.2686255967062552, 0.46656056166188703, 0.2686255689402426]
[   7.95839306 -153.97115717  -23.86189056];[-0.759545074882828, 0.05422400408295924, 0.30825152808914535, 0.4014457458049741]
[   7.9592009  -153.99340094  -15.91546333];[-0.5500386588326159, 0.024830480700432655, 0.15311401471324493, 0.37336747139629833]
[   7.95984226 -154.00407122   -7.95984165];[-0.3577559416414781, 0.00841260084565158, -0.00840580157720119, 0.3577539712830279]
[ 7.95929836e+00 -1.54007391e+02  7.92052480e-07];[-0.17810688747645143, 0.003117681232827768, -0.1780961284069175, 0.3526987901639628]
[   7.95984207 -154.00407035    7.95984267];[-0.008419603586830563, 0.008412336352349226, -0.3577487872903228, 0.3577509870388086]
[   7.95920066 -153.99339858   15.91546307];[0.1530977170080836, 0.02483036761913971, -0.5500353681778235, 0.37336148351422177]
[   7.95839528 -153.97114959   23.86188531];[0.3082226182057009, 0.054193687224158904, -0.7595521196038105, 0.40145086353643245]
[  15.91232311 -153.95728596   23.8594787 ];[0.28990392983758617, -0.10495410945687288, -0.7763351777329283, 0.5945635271732885]
[  15.91445386 -153.9817041    15.91445429];[0.1358623516816955, -0.13585441598879053, -0.5658862439890875, 0.5658867968666985]
[  15.91410569 -153.99329822    7.9585453 ];[-0.02482901872823322, -0.15308362806067904, -0.37334878047112946, 0.5500018042022621]
[ 1.59130376e+01 -1.53996825e+02  1.02206366e-08];[-0.19393114425205998, -0.15863818329681673, -0.19394610611834437, 0.5448664430161672]
[  15.91410536 -153.99329741   -7.95854489];[-0.373337335670183, -0.15308203787761482, -0.024847084318239884, 0.5499977098940787]
[  15.91445418 -153.98170232  -15.91445359];[-0.5658786021215155, -0.13585077635213844, 0.13584148415612407, 0.5658782928669697]
[  15.91232424 -153.95728404  -23.85947618];[-0.7763388010560651, -0.10496587871954768, 0.2898959301655793, 0.5945643158198683]
[  23.8572575  -153.95662665  -15.91094227];[-0.594507821081538, -0.28985449105159583, 0.10500438644626017, 0.7762643158425314]
[  23.85746876 -153.97025564   -7.95706345];[-0.401392851452985, -0.3081732013489422, -0.054165188164911594, 0.7594071711724053]
[ 2.38559745e+01 -1.53974156e+02 -1.73396654e-06];[-0.22229884435178376, -0.31406073589032857, -0.2222754833067704, 0.7539572147205849]
[  23.85746784 -153.97025496    7.95705973];[-0.054191661899947535, -0.3081692249849217, -0.40137270486246013, 0.7594020593769202]
[  23.8572604  -153.95662983   15.91093673];[0.10495395609322261, -0.2898822398043269, -0.5945011635958968, 0.7762520457456968]
[ 3.17732500e+01 -1.53926233e+02 -1.50295326e-05];[-0.267491750666681, -0.4657898636358685, -0.26891886798638315, 0.9877251666841056]
[ 2.38053561e+01 -1.61814578e+02 -3.13728466e-09];[-0.423508645017455, -0.12237704050096593, -0.4235087432828055, 0.9643300761695885]
[  15.88991304 -161.8415809   -15.89007835];[-0.7682226901404784, 0.058001914902204785, -0.05921410546833025, 0.7684742750046153]
[  15.89207507 -161.86464391   -7.9485192 ];[-0.5675679596660269, 0.037699892012482125, -0.21678839724671906, 0.7469751710215601]
[ 1.58915371e+01 -1.61870001e+02  1.24852378e-06];[-0.38532074963842633, 0.03117469761780238, -0.3852998447881396, 0.740175506180658]
[  15.89207588 -161.8646443     7.94852136];[-0.21681117161833433, 0.037702805501204556, -0.5675505144377834, 0.7469695338293836]
[  15.88997229 -161.84155254   15.88997199];[-0.058436152052148214, 0.05842732121437538, -0.7685691062583269, 0.7685697171343084]
[   7.94925047 -161.86654456   15.89360575];[-0.03771860570671207, 0.21682778410948397, -0.7470694737653029, 0.5676418424548453]
[   7.95169942 -161.89084987    7.95169823];[-0.19684157616701808, 0.19684938576112507, -0.5475549476764243, 0.5475513671042068]
[ 7.95136098e+00 -1.61895473e+02 -1.66295844e-06];[-0.3656404691211562, 0.19051078891292786, -0.36565541173480476, 0.5411558196447518]
[   7.95169979 -161.89084937   -7.95170102];[-0.5475436306680475, 0.19684977086705074, -0.19685830230615411, 0.5475476552672888]
[   7.94925219 -161.86654487  -15.89360772];[-0.7470631452301988, 0.21683909163904147, -0.03772870793485865, 0.5676295684935756]
[-9.70978926e-07 -1.61821934e+02 -2.38131874e+01];[-0.9647969660679008, 0.4237125504102495, 0.12231985605979134, 0.4237941484670314]
[ 5.58714546e-09 -1.61873646e+02 -1.58946046e+01];[-0.7403583203791072, 0.38541696359907995, -0.031198343684181427, 0.38541700341264284]
[ 5.18667587e-09 -1.61896974e+02 -7.95206286e+00];[-0.5412153682798846, 0.3656874796118858, -0.1905261191401067, 0.3656875172458138]
[ 4.94620992e-09 -1.61906652e+02  1.70060172e-06];[-0.3595510039573395, 0.3595444671747443, -0.3595378186336885, 0.35954450497970936]
[ 5.26746088e-09 -1.61896973e+02  7.95206581e+00];[-0.1905410235375232, 0.3656857380077302, -0.5412058498222252, 0.36568577507911065]
[ 6.43294629e-09 -1.61873643e+02  1.58946058e+01];[-0.031212455729683883, 0.38541361544695135, -0.7403532142614736, 0.38541360685680626]
[ 5.05290147e-09 -1.61821938e+02  2.38131876e+01];[0.12233894060474901, 0.4237654241859445, -0.9647988836426036, 0.42376542266249845]
[  -7.94925383 -161.86654811   15.89360621];[-0.03770084296006541, 0.5676219168392258, -0.7470671517421597, 0.21686733712364356]
[  -7.95169941 -161.89084989    7.95169823];[-0.19684154311415722, 0.547551348144975, -0.5475549068797237, 0.1968493978838217]
[-7.95136097e+00 -1.61895473e+02 -1.66684262e-06];[-0.36564042071021424, 0.5411558087550941, -0.3656553926551092, 0.19051080444841842]
[  -7.95169978 -161.89084939   -7.95170103];[-0.547543594710566, 0.5475476391146673, -0.1968582742726685, 0.19684978694506428]
[  -7.94925218 -161.86654488  -15.89360772];[-0.7470631147192234, 0.5676295574556589, -0.03772867772161351, 0.216839116704648]
[ -15.8899724  -161.84155303  -15.88997252];[-0.7685697711216836, 0.7685692505029711, -0.05842724918625044, 0.058436026803069634]
[ -15.89207506 -161.86464393   -7.94851921];[-0.5675679011418402, 0.7469751471790946, -0.21678833629316652, 0.03769990386675513]
[-1.58915371e+01 -1.61870001e+02  1.23966199e-06];[-0.3853206601067901, 0.7401754747278609, -0.3852998097403327, 0.031174721006095897]
[ -15.89207588 -161.86464432    7.94852136];[-0.21681111221120863, 0.7469695065407839, -0.5675504495381862, 0.03770283660611247]
[ -15.88997229 -161.84155258   15.889972  ];[-0.058436093750048386, 0.768569723713873, -0.7685690355575892, 0.0584273482548823]
[-2.38056441e+01 -1.61814817e+02 -1.22610272e-04];[-0.42261062856657616, 0.9641629944638216, -0.42396156277283914, -0.12187364597798109]
[-2.30966517e-02 -1.69757385e+02 -1.70545311e-07];[-0.5694635144436553, 0.5752950339224056, -0.5694634630594128, 0.5634260489752585]
